product_id,store_id,brand_id,WMAPE
1,0,0,61.0638894733151
3,2,0,57.704239346434086
2,1,1,56.192652232256194
2,3,1,55.30687427409989
4,2,1,55.20479871498845
